{"_id":{"$oid":"646d2496c5f74cdf93132155"},"info":{"name":"Thumbs Up Project","subject":"This project focuses on acquire thumbsUp videos and extract hand features from them","category":"Gestures","tags":["thumbsUp","hand"],"content":[{"name":"0_Thumbsup","video_class":"Thumbsup","length":"3","_id":"646d24c2c5f74cdf93132156","update":{"$date":"2023-05-23T21:40:34.124Z"},"MediaPipeHand":0,"Characteristics":{"contrast":38.64065050010864,"brightness":121.88672204097985,"sharpness":22.070639936130068,"saturation":69.28136961996339,"hue":30.15525630294185},"old_id":0},{"name":"1_Thumbsup","video_class":"Thumbsup","length":"3","_id":"646d24c4c5f74cdf9313215c","update":{"$date":"2023-05-23T21:40:36.297Z"},"MediaPipeHand":0,"Characteristics":{"contrast":44.806277297650084,"brightness":124.20345594618054,"sharpness":23.19481528550595,"saturation":71.32125575086805,"hue":26.14360991753472},"old_id":0},{"name":"2_Thumbsup","video_class":"Thumbsup","length":"3","_id":"646d24c6c5f74cdf93132162","update":{"$date":"2023-05-23T21:40:38.157Z"},"MediaPipeHand":0,"Characteristics":{"contrast":33.683310537230255,"brightness":115.4495637663118,"sharpness":16.84164968150294,"saturation":74.06430052369502,"hue":32.233744312328305},"old_id":0},{"name":"3_Thumbsup","video_class":"Thumbsup","length":"3","_id":"646d24c7c5f74cdf93132168","update":{"$date":"2023-05-23T21:40:39.909Z"},"MediaPipeHand":0,"Characteristics":{"contrast":41.32879658884075,"brightness":121.8278479781133,"sharpness":26.52561749528106,"saturation":71.66514948355572,"hue":26.57484751726357},"old_id":0}],"_id":"646d2496c5f74cdf93132155","update":{"$date":"2023-05-23T21:39:50.986Z"},"privacy":"public","features":["646d24d2c5f74cdf9313216e"]}}
