{"_id":{"$oid":"646be570598d4723f9f7a54b"},"info":{"name":"aaa","subject":"bbb","category":"Gestures","tags":["123"],"content":[{"name":"0_Thumbsup","video_class":"Thumbsup","length":"1","_id":"646bebda02a4bf48e20ab4b0","update":{"$date":"2023-05-22T23:25:30.309Z"},"MediaPipeHand":0,"Characteristics":{"contrast":41.13805998802411,"brightness":118.26911241319443,"sharpness":58.1291918910475,"saturation":87.32035687934031,"hue":15.522280056423615},"old_id":0},{"name":"1_Thumbsup","video_class":"Thumbsup","length":"1","_id":"646bebda02a4bf48e20ab4b3","update":{"$date":"2023-05-22T23:25:30.586Z"},"MediaPipeHand":0,"Characteristics":{"contrast":40.6568961396577,"brightness":120.99590538194444,"sharpness":62.30928034636675,"saturation":65.65759299045138,"hue":20.770820095486112},"old_id":0},{"name":"2_Thumbsup","video_class":"Thumbsup","length":"1","_id":"646bebda02a4bf48e20ab4b6","update":{"$date":"2023-05-22T23:25:30.897Z"},"MediaPipeHand":0,"Characteristics":{"contrast":41.837954887303944,"brightness":119.86572318128361,"sharpness":52.57116399137983,"saturation":64.97332944808466,"hue":24.076481119791662},"old_id":0},{"name":"3_Thumbsup","video_class":"Thumbsup","length":"1","_id":"646bebdb02a4bf48e20ab4b9","update":{"$date":"2023-05-22T23:25:31.206Z"},"MediaPipeHand":0,"Characteristics":{"contrast":41.32844524068427,"brightness":120.69905850974465,"sharpness":56.66486467176596,"saturation":62.93436512936829,"hue":24.59496293262769},"old_id":0},{"name":"4_Thumbsup","video_class":"Thumbsup","length":"1","_id":"646bebdb02a4bf48e20ab4bc","update":{"$date":"2023-05-22T23:25:31.487Z"},"MediaPipeHand":0,"Characteristics":{"contrast":41.47243884540573,"brightness":120.59420856434812,"sharpness":57.99310564767912,"saturation":63.01677177839381,"hue":24.42716250840054},"old_id":0}],"_id":"646be570598d4723f9f7a54b","update":{"$date":"2023-05-22T22:58:08.879Z"},"privacy":"public","features":[]}}
