{"_id":{"$oid":"646cfd69bf80a761da726faa"},"info":{"name":"face","subject":"","category":"Gestures","tags":[],"content":[{"name":"0_Thumbsup","video_class":"Thumbsup","length":"1","_id":"646cfd91bf80a761da726fab","update":{"$date":"2023-05-23T18:53:21.337Z"},"MediaPipeHand":0,"Characteristics":{"contrast":62.49374254582995,"brightness":132.93948882378473,"sharpness":75.37772118684062,"saturation":55.53247102864582,"hue":24.338936631944442},"old_id":0},{"name":"1_Thumbsup","video_class":"Thumbsup","length":"1","_id":"646cfd91bf80a761da726faf","update":{"$date":"2023-05-23T18:53:21.62Z"},"MediaPipeHand":0,"Characteristics":{"contrast":58.351091226003724,"brightness":131.92444097222224,"sharpness":101.70084722586138,"saturation":52.65518782552083,"hue":27.493901475694447},"old_id":0},{"name":"2_Thumbsup","video_class":"Thumbsup","length":"1","_id":"646cfd91bf80a761da726fb2","update":{"$date":"2023-05-23T18:53:21.891Z"},"MediaPipeHand":0,"Characteristics":{"contrast":58.32640126083154,"brightness":134.03360374012212,"sharpness":103.81283810119959,"saturation":51.072768274066085,"hue":26.203086947737066},"old_id":0},{"name":"3_Thumbsup","video_class":"Thumbsup","length":"1","_id":"646cfd92bf80a761da726fb5","update":{"$date":"2023-05-23T18:53:22.174Z"},"MediaPipeHand":0,"Characteristics":{"contrast":57.75148239877426,"brightness":134.56267937320405,"sharpness":105.68690449478179,"saturation":51.74917766702586,"hue":23.038180226293107},"old_id":0},{"name":"4_Thumbsup","video_class":"Thumbsup","length":"1","_id":"646cfd92bf80a761da726fb8","update":{"$date":"2023-05-23T18:53:22.465Z"},"MediaPipeHand":0,"Characteristics":{"contrast":57.798779243168944,"brightness":134.27349891493057,"sharpness":109.04218116505409,"saturation":52.04407465277779,"hue":21.491685872395827},"old_id":0}],"_id":"646cfd69bf80a761da726faa","update":{"$date":"2023-05-23T18:52:41.816Z"},"privacy":"public","features":["646cfda0bf80a761da726fbb"]}}
